appForm,applicant
bb93c2b1-5bd2-45f0-a5dc-dedfe2a7786c,10985841
21db37e4-e4a7-45fc-be35-ce7cfa3f7d8a,10608816
2aa069d7-327b-439a-a480-37d82602205d,10342114
3c44600f-8281-4701-bbcb-26287ff2d9fa,11064455
0160927e-731d-42ba-9381-faed6da8d7a6,6145095
31d79e9d-eab7-49d4-bc1f-ecb92a995c15,10583936
ba9665ce-e397-47c6-9769-79e554b0269d,10433799
3b89a02c-3ec3-41d7-ba02-945f04b2b144,10416014
b954052e-6277-4155-95ab-dfc1078cdb63,10683149
a2a8704e-1bed-4ec7-9ff2-e63cf6cd06ac,10930063
cc10eb5f-ddb9-49dc-89ff-9b1458cebf96,10925558
d9e5aadb-35e5-4b29-a409-6fedfc447b6f,10791679
cd39c752-6cf1-4d97-ba4d-4f6bff53faf4,10928545
cd124fa5-c4fd-4603-872f-d28c297819d5,9750378
