partner_loan_id,app_form_id
1448460958,a7e51d3d-96b4-4fed-92d0-335f1ac1ba14
1148627224,c4fcdf0b-b0fd-4400-b917-b4061b92c22e
1148615508,f4d2132b-3d48-4ee2-80ef-62656a4c4d6e
1147576564,d4b7fff4-3f42-4c94-8dbe-457e57bce95a
1147535348,d21aece1-7ce7-4b22-9652-48169d36f591
1147506468,9c27a3c6-7782-42fa-9711-b1980e45bc7f
1147408523,7406c449-1b5d-482d-ac0f-76198f2109d2
1455947742,c7d61906-6c17-443b-a85f-2224db46c957
1147228806,b34171a9-841a-4178-b030-bfea4c93d1ea
1147174515,a283bc42-60ab-4ea8-bd09-2885fa3a6e95
1428111380,aec873d6-f4e8-4442-a5ab-528fb3896816
1146853789,223327fa-90ad-49ec-8e6c-163e3965aeee
1446568165,fe30d86d-991c-4da1-910f-d4ef8af64501
1145453112,7c96e97b-ea1c-493c-880c-a3d0da857849
1455633947,dc34c408-9a26-4bc8-89a5-662fe4f1b67e
1144786320,221928b5-829c-45b8-8591-af5c474356e9
1144570526,b715d718-e383-46a4-8961-2c5e8fde0eb3
1454696411,8376edea-ecf0-4836-8322-149c7d396350
1143748849,03de5f9e-d363-4a42-b68d-a9ef2eb5b4c1
1457011574,356f95ca-359d-4732-b810-bda3b229ae96
1135168146,50104e50-1b4d-4bbc-bd59-404a2eb37a3d
1153228724,e0c038ee-90fd-4fac-a948-c86a9b452e40
1132843619,7a8efcab-72e5-4f86-824c-c1f0005eaa46
1256017717,c236a8e3-86a9-478e-8853-503dd5399bb5
1128195950,3f36ab6d-025f-484f-8356-f297c6c39efa
1128141856,16f593f3-bc1f-4f8c-8098-adb38c877b21
1454770098,bd887441-1bc6-4263-94ed-56d4821ecb0f
1127422643,7fd11236-4916-4b0d-8038-a513f17880e7
1127082138,dd7558bc-ab5c-4219-8457-590b8bee91be
1455623343,be787559-ae06-4aa9-b73f-336b818e7cfb
1456678916,e55fba22-30ac-435d-be99-36e8bbb9a966
1126032296,7419b95d-ee0a-4c29-a41a-94cc71d50400
1449213258,44757d97-e778-41c0-adb5-bc0533768e01
1125274382,580655dd-fed1-4943-8d90-09fb8972ab14
1124460863,44dfa57c-17fd-41b0-8468-6c22424f7051
1124397343,469add5e-3c17-470f-9ac4-cc8fb06711f2
1123801808,beef5599-d30a-4a22-9412-497c804624ca
1125168634,b3ee796d-c42b-4504-b065-e4292e799402
1123677732,ff1c476b-b53c-4a15-9e6a-ffce7f302337
1457102382,cdc6cec7-6ca5-4142-baf3-c88b7024bbc4
1450355412,7dea837b-05ac-494d-bc91-63cfb35eac57
1443449222,33a9c972-ce4b-4b51-b93a-14edfa6879ad
1429103724,a2c5598c-5d1e-4b9b-b933-803b84f3511f
1443328726,e637fa5e-17e0-48d1-844b-aa79da0ed9c3
1443295386,9d76bd38-f8b6-4efc-aa4f-db0f8a17fd93
1457003958,9fa26285-3d01-4083-a641-27eaae76dfa7
1442997477,25c91324-663b-4595-b760-5181f877996c
1442913739,454c0df9-6475-433f-8f6f-e6178ffc55ea
1442869135,89582340-0029-4257-a4d7-b3a3caea1a96
1239758738,21554956-187d-476c-a608-7feb619dfb5d
1457032099,c9e20ed9-cb27-439d-932f-64ea90ed8929
1442718339,932ba6f6-07b5-4419-8ae5-7924f4e5c111
1442627765,392ee3ae-fcdb-4c2b-9794-a96bb546aa6b
1455456009,a3044fe8-2544-4515-98f7-e7f88068fc43
1447361755,1d8d7c0a-e68e-4a6f-931b-93313f553629
1442476349,070b2499-871d-4ae1-8e9f-1d100abdac73
1442271628,2aabf5e7-b3aa-4559-bc99-116ab44913b0
1110156807,be7d1772-9998-495e-a3af-6f6b5e4eeca8
1441762313,8acc6423-6386-42d8-8296-eac00cc8db50
1441758198,a7f0238b-6902-474e-87f1-82ee2c4672ae
1441560657,d4b461fd-c0c2-4683-bf55-cffe60ccd951
1441335764,5c13f1c4-1d1e-41cb-ba87-f42f4faaeee4
1441034610,c322a413-01eb-4507-9fb7-5bf61ecb3791
1455436391,06669d94-f464-4f7a-a1f9-778ea659f971
1440937841,51cc4f45-0ba9-494c-a823-06236264fa41
1455235989,8252c5e4-5136-4580-9064-af66f963e79a
1455325599,4221b98b-38f6-42d5-a945-d9d4c7eef229
1440068332,6078acfd-e241-4a17-af68-4491e4d9f29d
1439796760,4ffc87a4-82b8-446c-ab3c-8f26052b321a
1439697415,34454067-47d1-472c-ada9-9f08dbd1c776
1256988647,350604de-e4c7-45ed-a727-c93673e212ba
1439584189,a2de55b0-777e-4612-b2af-de68050a85eb
1439139980,989a5aaf-bc0f-4ee2-b563-96155d9ea130
1441697126,818cd277-f10e-4cfd-8e4c-89c72ed83008
1110659946,52b9aaf9-3306-4873-86d2-089016961195
1110488115,dd3053f5-3061-4c79-bdd4-9c95c4ebfea3
1418328363,2a057c49-2b17-4b3d-b327-e2c29a59fa2c
1416818211,745ac2b4-30e2-442f-8ea1-f99224a72ed7
1416149253,46a26a3e-e1be-4ee4-bdec-e977d45bec9f
1415910560,79d6d08b-86d3-4a0e-ae38-158c116ab968
1243043582,5165cebd-0be0-4581-bfb9-14a2ef312f7f
1447983243,f9c00ce6-86b7-4a13-a870-3fcc66dc2257
1110934640,5feb5447-9cd4-475c-b2eb-0ef4458d27d8
1447895759,4b93fb1c-57a9-4437-a6fd-ed4ceeb09326
1214977323,727c8764-a872-4b7e-93bf-6b8ae6cbda35
1447549596,6089af33-f4d8-425e-8cca-38c8bd8b64fb
1447536919,50c9d00a-f3a0-4983-852f-fd87a506693a
1421446121,3cf40af7-4923-437f-9d70-e12269db21be
1457103090,e80f50b6-ee14-4f5e-bd87-d1a8fdaba76d
1436845093,723c4f1b-2ebc-4f3d-8373-f981dcfefb0b
1447480621,24ce6799-80cb-4654-b02d-844a6a56b853
1447475068,a080b0fd-e6c5-4f4f-a9b6-1e822202c8cb
1447451583,b0daf326-cfce-48e9-9de5-b897086d0239
1447400484,24e4c412-7aa1-4a50-a3e0-6c264469d328
1457079602,9d6fe6ee-6c81-4558-9a47-6ad7fa3251e5
1447099436,e132f224-526b-4c2d-8334-4f7306765b22
1446807881,cbd178a3-7ce1-43f7-87bb-ca36ce8785dd
1446700519,92f8c59b-41c6-4e13-8877-1667d2d6ea51
1446663214,faea2fe2-9f0c-48ab-8b50-0a41c1f64bed
1446641183,1c985293-43f7-49cd-bf6d-1dcc18c98fdb
1457061085,e2dfec9d-ee5b-4453-aa35-94cce69a3dbb
1445480132,7fde4232-4ae5-4db0-bc7c-34753f5ce03c
1115002681,6a69ce73-c06c-4724-b8e9-1eed9c1be7ee
1455747124,80749fcc-a963-4f32-9865-3b0ea10f3132
1444556629,a3fce27c-97f3-4672-8a6b-a54b44ce0c2d
1444485076,0a39d587-e873-46f1-97f2-7290465afd51
1439983465,8193c9f0-cbb8-4058-ab2b-d5bf9889d014
1448742753,e8aa95da-de05-4444-87a3-18aad482eca0
1444028865,a43bad83-0fb5-4ceb-8929-d1a51cbf309b
1157118746,d02761b6-4c96-4f5b-9eab-bbea57eab3af
1443794686,cc0d60ef-60be-4303-97ad-49ca76288599
1420212780,88169a72-0012-441d-bad2-d6a9125b18c3
1457119386,f4b9c689-1660-451f-9bee-4080ee959594
1152315939,b3d29ece-ae98-4d7e-a3c7-78536d9aa807
1457117960,88a88036-b5f0-4337-989c-ecea2539bb8c
1154402229,71e6378d-12ec-4752-97c1-15c80477fe2f
1457116927,f54fb2cf-9474-4172-b515-5f4bf4b4862b
1438881298,3173b8f7-ab5f-4a7b-8f4b-38018f004420
1457121668,8dfea53a-dde8-4b85-a109-fe95c59883a1
1443942421,91af777e-1009-4486-9daf-cfbd6785c9d7
1455914736,ac7b4efa-e7b1-4949-b291-8a7bc4ddf714
1132784292,c3948166-6ff0-4ab6-b0df-da240aa67a6a
1435990815,5571031e-43b5-4e95-bbf6-487b3f20e45a
1438227270,63d2f5e7-4c39-403e-8adb-2308bc9f56a6
1446346982,37993891-5981-45f7-bf74-261eb8740ba6
1133365201,a5352552-e69c-4dd1-a7c1-87d49acdc035
1437234185,d05a8a4d-e7aa-4964-b941-19e59d11faf7
1456799465,5176016c-551c-40e6-b5e7-07fe7cf8376d
1457116282,9f9fddc1-73e7-463a-b487-8388229e7708
1456706055,45c564dc-072d-43f8-929f-c8e5a0095b0c
1157114662,6a2e8daa-ff41-4a44-90f0-a5c4063f3c95
1457121342,0b6ba70c-bef9-44cc-a1ae-b838d958c7fb
1445508286,bbe51b59-a4ed-400d-a881-1e51d0210f7b
1156232023,e49fdcb3-a515-4a2d-8ee9-77b382f16704
1457081178,fb797a5c-ffaa-4262-8e30-8a3d1da4c25a
1457122400,1a4e31a7-8726-4a6c-8ab6-a6165b2c2d40
1457100736,67455951-6f3c-4cc0-8c6e-b0b9dce33878
1457117890,430a170a-43ec-4d3a-a767-8ab919976478
1434809637,44c008be-f55a-4f71-bb83-52dbd293a5c4
1157101915,ceff388f-43e8-450f-a1eb-7ba129d15cc6
1453829600,4af72001-944d-4554-82b4-aaae147bf8fb
1456815918,09b3e784-c039-4407-ac02-414532cc46b1
1456596974,ab3a9d33-1376-43c4-9113-9aea60c9f8cf
1457113147,d5c86cf7-02ab-4bff-8f25-b9571ab86d2a
1457120656,f543d620-cc21-4970-8171-635ae905421e
1455688144,31b50331-dfc6-4c99-a6f4-47e3854d2bbb
1455640154,7e8ea147-b92c-4eb1-96f6-1d9941c47cd0
1454271675,47ff5103-ae37-4809-9720-20d107628ae9
1452827269,a90f58db-939b-4c33-8da9-1aac8c339b45
1449248003,e66438d7-5232-43a0-822c-b26aa2ac0dcb
1448926348,28f8e2ff-adb3-4304-8996-7428e6d4240f
1457122207,3071f862-c56c-4c03-88e7-59319964e7e2
1448888864,52d5d96f-d7d9-4181-a61b-e2dcc8ee0d91
1448716833,3c4ecc88-abba-4cef-a603-ba4cce77a563
1456690886,4f3fc05b-e90d-445c-bc2a-341360a86be8
1448241266,e84f4b45-5c64-4915-aade-cfcf00677947
1448216862,02efa770-facf-4840-9b00-e904b93ba137
1448183991,352b3465-17f5-4182-b1b0-f6479f82ede2
